{"cameraMode":{"drawMode":0,"name":"Shaded","section":"Shading Mode"},"sceneLighting":false,"audioPlay":false,"sceneViewState":{"showFog":true,"showMaterialUpdate":false,"showSkybox":false,"showFlares":true,"showImageEffects":true,"showParticleSystems":true},"in2DMode":false,"pivot":{"x":-6.447237014770508,"y":1.68491792678833,"z":-8.708368301391602},"rotation":{"x":0.1219545528292656,"y":0.10933676362037659,"z":-0.013527066446840763,"w":0.9864231944084168},"size":8.351395606994629,"orthographic":false}