{"cameraMode":{"drawMode":0,"name":"Shaded","section":"Shading Mode"},"sceneLighting":false,"audioPlay":false,"sceneViewState":{"showFog":true,"showMaterialUpdate":false,"showSkybox":true,"showFlares":true,"showImageEffects":true,"showParticleSystems":true},"in2DMode":false,"pivot":{"x":4.54849910736084,"y":-1.5205658674240113,"z":81.27973937988281},"rotation":{"x":-0.04006579518318176,"y":0.6940673589706421,"z":-0.03881319239735603,"w":-0.7177842855453491},"size":49.024078369140628,"orthographic":false}